Carnegie Mellon University,carnegie mellon university
Massachusetts Institute of Technology,massachusetts institute of technology
Stanford University,stanford university
"University of California, Berkeley",university of california berkeley
"University of Illinois, Urbana Champaign",university of illinois at urbana champaign
University of Michigan,university of michigan
Georgia Institute of Technology,georgia institute of technology
University of Washington,university of washington
"University of Texas, Austin",university of texas at austin
Cornell University,cornell university
University of Maryland,university of maryland college park
Princeton University,princeton university
University of Southern California,university of southern california
University of Toronto,university of toronto
"University of California, San Diego",university of california san diego
Columbia University,columbia university
Purdue University,purdue university
"University of Wisconsin, Madison",university of wisconsin madison
"University of California, Los Angeles",university of california los angeles
Ohio State University,ohio state university
University of Pennsylvania,university of pennsylvania
Harvard University,harvard university
University of Waterloo,university of waterloo
Northeastern University,northeastern university
Arizona State University ,arizona state university
University of Minnesota,university of minnesota
"Stony Brook University, SUNY",stony brook university
Pennsylvania State University,pennsylvania state university
"University of California, Santa Barbara",university of california santa barbara
University of British Columbia,university of british columbia
New York University,new york university
"University of Massachusetts, Amherst",university of massachusetts amherst
University of North Carolina at Chapel Hill,university of north carolina at chapel hill
"University of California, Irvine",university of california irvine
Virginia Tech,virginia tech
Johns Hopkins University,johns hopkins university
Texas A&M University,texas a m university
"Rutgers, The State University of New Jersey",rutgers university
Duke University,duke university
Michigan State University,michigan state university
University of Florida,university of florida
"University of California, Davis",university of california davis
Simon Fraser University,simon fraser university
Boston University ,boston university
"University of California, Riverside",university of california riverside
North Carolina State University,north carolina state university
Rice University,rice university
"University of Texas, Dallas",university of texas at dallas
Brown University,brown university
Indiana University,indiana university
"University at Buffalo, SUNY",university at buffalo
University of Pittsburgh,university of pittsburgh
University of Utah,university of utah
Yale University ,yale university
University of Alberta,university of alberta
Oregon State University,oregon state university
University of Central Florida,university of central florida
"University of Illinois, Chicago",university of illinois at chicago
University of Virginia,university of virginia
University of Chicago,university of chicago
"University of Colorado, Boulder",university of colorado at boulder
University of Rochester,university of rochester
"University of California, Santa Cruz",university of california santa cruz
Rensselaer Polytechnic Institute,rensselaer polytechnic institute
University of Arizona,university of arizona
Iowa State University,iowa state university
Clemson University,clemson university
Washington University in St. Louis,washington university in st louis
University of Calgary,university of calgary
Drexel University,drexel university
"University of Texas, Arlington",university of texas at arlington
University of Notre Dame,university of notre dame
"University of North Carolina, Charlotte",university of north carolina at charlotte
University of Houston,university of houston
Dartmouth College,dartmouth college
University of Connecticut,university of connecticut
George Mason University,george mason university
Northwestern University,northwestern university
George Washington University,george washington university
"University of Nebraska, Lincoln",university of nebraska lincoln
Wayne State University,wayne state university
Vanderbilt University,vanderbilt university
University of Delaware,university of delaware
"University of Tennessee, Knoxville",university of tennessee
"University of Maryland, Baltimore County",university of maryland baltimore county
Toyota Technological Institute at Chicago,toyota technological institute at chicago
Worcester Polytechnic Institute ,worcester polytechnic institute
Florida State University,florida state university
University of Iowa,university of iowa
Stevens Institute of Technology,stevens institute of technology
"Binghamton University, SUNY",binghamton university
University of Victoria,university of victoria
College of William & Mary,college of william mary
University of Kentucky,university of kentucky
Florida International University,florida international university
New Jersey Institute of Technology,new jersey institute of technology
Colorado State University,colorado state university
York University ,york university
Syracuse University,syracuse university
Washington State University,washington state university
University of New Mexico,university of new mexico
Case Western Reserve University,case western reserve university
Virginia Commonwealth University,virginia commonwealth university
University of Georgia,university of georgia
Tufts University,tufts university
"University of Massachusetts, Lowell",university of massachusetts lowell
Lehigh University,lehigh university
Georgetown University,georgetown university
Rochester Institute of Technology,rochester institute of technology
Emory University,emory university
"University of Missouri, Columbia",university of missouri
University of South Florida,university of south florida
Michigan Technological University,michigan technological university
Portland State University,portland state university
Georgia State University,georgia state university
University of South Carolina,university of south carolina
University of Kansas,university of kansas
University of Oregon,university of oregon
Auburn University,auburn university
Naval Postgraduate School,naval postgraduate school
Wright State University,wright state university
DePaul University,depaul university
"University of Nevada, Las Vegas",university of nevada las vegas
Colorado School of Mines,colorado school of mines
Old Dominion University,old dominion university
Mississippi State University,mississippi state university
University of Arkansas,university of arkansas
University of Memphis,university of memphis
"University of Alabama, Birmingham",university of alabama at birmingham
"University of Nevada, Reno",university of nevada reno
New Mexico State University,new mexico state university
North Dakota State University,north dakota state university
"University of Massachusetts, Boston",university of massachusetts boston
Ohio University,ohio university
University of North Texas,university of north texas
University of Wyoming,university of wyoming
Texas State University,texas state university
Brandeis University,brandeis university
"University of Wisconsin, Milwaukee",university of wisconsin milwaukee
University of Hawaii,university of hawaii
Boston College,boston college
"University of Alabama, Tuscaloosa",university of alabama
Western Michigan University,western michigan university
University of New Hampshire,university of new hampshire
Texas Tech University,texas tech university
Kent State University,kent state university
University of Mississippi,university of mississippi
University of Oklahoma,university of oklahoma
Pomona College,pomona college
Montana State University,montana state university
Kansas State University,kansas state university
University of Idaho,university of idaho
Santa Clara University,santa clara university
"University of Missouri, Kansas City",university of missouri kansas city
Miami University,miami university
Grinnell College,grinnell college
Colgate University,colgate university
Pace University,pace university
"Loyola University, Chicago","loyola university, chicago"
Saint Louis University,saint louis university
Oakland University,oakland university
Harvey Mudd College,harvey mudd college
Villanova University,villanova university
Bucknell University,bucknell university
"University of Texas, El Paso",university of texas at el paso
Wake Forest University,wake forest university
Union College,union college
Marquette University,marquette university
Lafayette College,lafayette college
Williams College,williams college
Louisiana Tech University,louisiana tech university
University of North Dakota,university of north dakota
Bowling Green State University,bowling green state university
Hofstra University,hofstra university
Bryn Mawr College,bryn mawr college
Bradley University,bradley university
College of Charleston,college of charleston
Montclair State University,montclair state university
Amherst College,amherst college
Illinois Institute of Technology,illinois institute of technology
Kean University,kean university
Mount Holyoke College,mount holyoke college
University of South Alabama,university of south alabama
Swarthmore College,swarthmore college
Midwestern State University,midwestern state university
Georgia Southern University,georgia southern university
"Texas A&M University, Corpus Christi",texas a m university corpus christi
University of Puget Sound,university of puget sound
