Id;Label
comenius university in bratislava;comenius university in bratislava
dresden university of technology;dresden university of technology
indiana university purdue university indianapolis;indiana university purdue university indianapolis
polytechnic university of catalonia;polytechnic university of catalonia
national institute of informatics;national institute of informatics
university of west bohemia;university of west bohemia
university of dayton;university of dayton
national taiwan ocean university;national taiwan ocean university
adobe systems;adobe systems
intergraph;intergraph
university of iowa;university of iowa
singapore mit alliance;singapore mit alliance
technicolor;technicolor
de montfort university;de montfort university
university of south carolina;university of south carolina
cvc capital partners;cvc capital partners
toba national college of maritime technology;toba national college of maritime technology
macdonald dettwiler and associates;macdonald dettwiler and associates
national chung cheng university;national chung cheng university
university of wuppertal;university of wuppertal
university of nevada las vegas;university of nevada las vegas
assiut university;assiut university
southern illinois university carbondale;southern illinois university carbondale
forschungszentrum julich;forschungszentrum julich
southwestern university of finance and economics;southwestern university of finance and economics
imperial college london;imperial college london
walmart labs;walmart labs
university of colorado boulder;university of colorado boulder
technical university of madrid;technical university of madrid
university of malaya;university of malaya
bureau of meteorology;bureau of meteorology
charles university in prague;charles university in prague
statoil;statoil
university at buffalo;university at buffalo
king saud university;king saud university
dongguk university;dongguk university
hebei university of technology;hebei university of technology
massachusetts general hospital;massachusetts general hospital
eastern nazarene college;eastern nazarene college
department of computer science university of illinois at urbana champaign;department of computer science university of illinois at urbana champaign
missouri university of science and technology;missouri university of science and technology
ningbo university;ningbo university
university of south florida;university of south florida
mathematical institute university of oxford;mathematical institute university of oxford
university of tromso;university of tromso
mcknight brain institute;mcknight brain institute
university of jordan;university of jordan
university of westminster;university of westminster
duke university hospital;duke university hospital
institut gaspard monge;institut gaspard monge
tokyo denki university;tokyo denki university
college de france;college de france
ca foscari university of venice;ca foscari university of venice
oracle corporation;oracle corporation
institut eurecom;institut eurecom
inesc id;inesc id
ursinus college;ursinus college
smith kettlewell institute;smith kettlewell institute
university of new south wales;university of new south wales
ludwig maximilian university of munich;ludwig maximilian university of munich
mit sloan school of management;mit sloan school of management
radboud university nijmegen;radboud university nijmegen
university of north texas;university of north texas
cergy pontoise university;cergy pontoise university
center for excellence in education;center for excellence in education
shiraz university;shiraz university
telecom italia mobile;telecom italia mobile
university of mannheim;university of mannheim
united states naval academy;united states naval academy
williams college;williams college
kingston university;kingston university
hokkaido university;hokkaido university
pittsburgh supercomputing center;pittsburgh supercomputing center
mitsubishi electric research laboratories;mitsubishi electric research laboratories
robert gordon university;robert gordon university
ebay;ebay
institute for advanced study;institute for advanced study
visual sciences;visual sciences
universite catholique de louvain;universite catholique de louvain
colorado state university;colorado state university
peking university;peking university
bournemouth university;bournemouth university
university of tokushima;university of tokushima
university of modena and reggio emilia;university of modena and reggio emilia
worcester polytechnic institute;worcester polytechnic institute
queen mary university of london;queen mary university of london
monterey bay aquarium research institute;monterey bay aquarium research institute
university of boras;university of boras
schweitzer engineering laboratories;schweitzer engineering laboratories
university of aberdeen;university of aberdeen
hiroshima university;hiroshima university
kt corporation;kt corporation
language computer corporation;language computer corporation
tata institute of fundamental research;tata institute of fundamental research
disney research;disney research
university of mississippi;university of mississippi
allen institute for brain science;allen institute for brain science
university of porto;university of porto
sabanci university;sabanci university
community emergency response team;community emergency response team
institute of medical science;institute of medical science
xi an jiaotong university;xi an jiaotong university
cls group;cls group
dalhousie university;dalhousie university
university of georgia;university of georgia
university of trier;university of trier
australian graduate school of management;australian graduate school of management
institute of mathematics;institute of mathematics
meijo university;meijo university
hoffmann la roche;hoffmann la roche
georgia southern university;georgia southern university
university of the west indies;university of the west indies
university of maryland baltimore;university of maryland baltimore
geneva college;geneva college
guy s hospital;guy s hospital
pfizer;pfizer
fuji xerox;fuji xerox
university of basel;university of basel
university of vienna;university of vienna
nuclear regulatory commission;nuclear regulatory commission
university of gottingen;university of gottingen
valeo;valeo
south texas college;south texas college
national university of defense technology;national university of defense technology
gunma university;gunma university
national central university;national central university
information technology institute;information technology institute
harvey mudd college;harvey mudd college
university of alcala;university of alcala
fujian normal university;fujian normal university
australian national university;australian national university
german research centre for artificial intelligence;german research centre for artificial intelligence
institut national des sciences appliquees de rouen;institut national des sciences appliquees de rouen
keimyung university;keimyung university
indiana university bloomington;indiana university bloomington
concordia university wisconsin;concordia university wisconsin
international computer science institute;international computer science institute
trw inc;trw inc
university of new orleans;university of new orleans
university of passau;university of passau
humboldt university of berlin;humboldt university of berlin
kyoto university;kyoto university
international sleep products association;international sleep products association
asia university;asia university
king mongkut s university of technology thonburi;king mongkut s university of technology thonburi
university of jyvaskyla;university of jyvaskyla
university of edinburgh;university of edinburgh
university of north carolina at wilmington;university of north carolina at wilmington
university of cordoba;university of cordoba
democratic governors association;democratic governors association
university of avignon;university of avignon
bbn technologies;bbn technologies
dalian nationalities university;dalian nationalities university
grupo mexico;grupo mexico
university of wurzburg;university of wurzburg
here;here
clarkson university;clarkson university
scheie eye institute;scheie eye institute
mse;mse
it university;it university
xidian university;xidian university
oregon health science university;oregon health science university
meidensha;meidensha
aberystwyth university;aberystwyth university
broad institute;broad institute
university of hawaii;university of hawaii
national technical university of athens;national technical university of athens
university of vermont;university of vermont
university of british columbia;university of british columbia
national academy of sciences;national academy of sciences
plymouth university;plymouth university
fukuyama university;fukuyama university
university of new brunswick;university of new brunswick
university of minnesota duluth;university of minnesota duluth
cornell tech;cornell tech
chonnam national university;chonnam national university
university of illinois at urbana champaign;university of illinois at urbana champaign
research triangle park;research triangle park
heriot watt university;heriot watt university
university of ljubljana;university of ljubljana
research institute for mathematical sciences;research institute for mathematical sciences
the turing institute;the turing institute
united airlines;united airlines
national autonomous university of mexico;national autonomous university of mexico
helsinki university of technology;helsinki university of technology
graduate university for advanced studies;graduate university for advanced studies
kaiserslautern university of technology;kaiserslautern university of technology
carleton college;carleton college
national cancer institute;national cancer institute
zug com;zug com
the institute of optics;the institute of optics
university of stuttgart;university of stuttgart
laval university;laval university
university of turin;university of turin
roswell park cancer institute;roswell park cancer institute
paul sabatier university;paul sabatier university
university of stirling;university of stirling
astron;astron
telecom paristech;telecom paristech
georgia state university;georgia state university
delhi technological university;delhi technological university
university of seville;university of seville
montana state university;montana state university
university of california santa cruz;university of california santa cruz
national presto industries;national presto industries
pontifical catholic university of chile;pontifical catholic university of chile
praxis;praxis
faculty of electrical engineering mechanical engineering and naval architecture university of split;faculty of electrical engineering mechanical engineering and naval architecture university of split
university of piraeus;university of piraeus
emory university;emory university
rockefeller university;rockefeller university
verizon communications;verizon communications
arco;arco
delphi automotive;delphi automotive
university of oslo;university of oslo
shenzhen university;shenzhen university
university of alabama in huntsville;university of alabama in huntsville
ecole de technologie superieure;ecole de technologie superieure
northern arizona university;northern arizona university
ashikaga institute of technology;ashikaga institute of technology
jean monnet university;jean monnet university
metz;metz
university of ioannina;university of ioannina
halifax;halifax
ionian university;ionian university
warsaw university of technology;warsaw university of technology
vrvis;vrvis
tokyo university of agriculture and technology;tokyo university of agriculture and technology
university of california riverside;university of california riverside
kam controls;kam controls
martin marietta materials inc;martin marietta materials inc
university of auckland;university of auckland
national center for science education;national center for science education
university of bergen;university of bergen
dana farber cancer institute;dana farber cancer institute
university of south wales;university of south wales
florida institute for human and machine cognition;florida institute for human and machine cognition
boeing commercial airplanes;boeing commercial airplanes
st john s college cambridge;st john s college cambridge
sofia medical university;sofia medical university
mcmaster university;mcmaster university
calcutta institute of engineering and management;calcutta institute of engineering and management
university of toyama;university of toyama
university of toronto department of computer science;university of toronto department of computer science
city university of hong kong;city university of hong kong
virginia tech;virginia tech
school of computer science university of manchester;school of computer science university of manchester
university of california los angeles;university of california los angeles
idiap research institute;idiap research institute
university of yamanashi;university of yamanashi
university of freiburg;university of freiburg
university of arizona;university of arizona
eindhoven university of technology;eindhoven university of technology
hitachi;hitachi
agilent technologies;agilent technologies
carleton university;carleton university
rhythm and hues studios;rhythm and hues studios
institute of company secretaries of india;institute of company secretaries of india
university of the witwatersrand;university of the witwatersrand
bryn mawr college;bryn mawr college
wolfram research;wolfram research
bellsouth;bellsouth
university of lugano;university of lugano
fraunhofer society;fraunhofer society
raytheon;raytheon
shanghai university of finance and economics;shanghai university of finance and economics
dynamics research corporation;dynamics research corporation
university of science and technology beijing;university of science and technology beijing
universidade do vale do rio dos sinos;universidade do vale do rio dos sinos
beijing university of posts and telecommunications;beijing university of posts and telecommunications
wellesley college;wellesley college
the hertz corporation;the hertz corporation
university of leicester;university of leicester
texas state university;texas state university
university of aizu;university of aizu
polytechnic university of turin;polytechnic university of turin
university of winnipeg;university of winnipeg
university of minho;university of minho
blaise pascal university;blaise pascal university
charles river laboratories;charles river laboratories
university of arkansas for medical sciences;university of arkansas for medical sciences
university of navarra;university of navarra
north dakota state university;north dakota state university
purdue university;purdue university
koc university;koc university
norwegian institute of technology;norwegian institute of technology
medical research council;medical research council
facebook;facebook
siemens;siemens
wichita state university;wichita state university
faculty of information technology university džemal bijedic of mostar;faculty of information technology university džemal bijedic of mostar
hong kong university of science and technology;hong kong university of science and technology
university of nebraska lincoln;university of nebraska lincoln
ruhr university bochum;ruhr university bochum
university of sydney;university of sydney
swinburne university of technology;swinburne university of technology
university of rochester;university of rochester
indian institutes of technology;indian institutes of technology
buffalo state college;buffalo state college
university of haifa;university of haifa
university of texas health science center at houston;university of texas health science center at houston
university college london;university college london
university of west florida;university of west florida
philips;philips
queens college;queens college
university of kentucky;university of kentucky
trinity college oxford;trinity college oxford
lund university;lund university
central university india;central university india
merck co;merck co
wakayama university;wakayama university
universidad michoacana de san nicolas de hidalgo;universidad michoacana de san nicolas de hidalgo
massachusetts college of liberal arts;massachusetts college of liberal arts
defence science and technology organisation;defence science and technology organisation
booz allen hamilton;booz allen hamilton
university of electronic science and technology of china;university of electronic science and technology of china
shizuoka university;shizuoka university
fruit of islam;fruit of islam
zhejiang university of technology;zhejiang university of technology
the graduate center cuny;the graduate center cuny
universidade luterana do brasil;universidade luterana do brasil
pan american petroleum and transport company;pan american petroleum and transport company
auburn university;auburn university
posco;posco
durham university;durham university
university of calgary;university of calgary
max planck institute for biophysical chemistry;max planck institute for biophysical chemistry
esiee paris;esiee paris
new york university school of medicine;new york university school of medicine
king abdullah university of science and technology;king abdullah university of science and technology
ryerson university;ryerson university
polytechnic institute of new york university;polytechnic institute of new york university
weill cornell medical college;weill cornell medical college
university of malaga;university of malaga
university of cadiz;university of cadiz
chukyo university;chukyo university
national institute on deafness and other communication disorders;national institute on deafness and other communication disorders
university of patras;university of patras
upc ireland;upc ireland
swansea university;swansea university
steyr mannlicher;steyr mannlicher
nanjing university;nanjing university
university of northern british columbia;university of northern british columbia
lille university of science and technology;lille university of science and technology
soongsil university;soongsil university
university of north texas at dallas;university of north texas at dallas
auckland university of technology;auckland university of technology
centre national de la recherche scientifique;centre national de la recherche scientifique
association for computing machinery;association for computing machinery
chicago transit authority;chicago transit authority
institute of mental health;institute of mental health
control group;control group
the catholic university of america;the catholic university of america
institut geographique national;institut geographique national
inje university;inje university
massachusetts eye and ear infirmary;massachusetts eye and ear infirmary
university of florida;university of florida
analysis group;analysis group
grenoble institute of technology;grenoble institute of technology
university of cambridge;university of cambridge
genome institute of singapore;genome institute of singapore
eunice kennedy shriver national institute of child health and human development;eunice kennedy shriver national institute of child health and human development
university of coimbra;university of coimbra
victoria university of wellington;victoria university of wellington
university of pennsylvania;university of pennsylvania
university of antwerp;university of antwerp
university of jena;university of jena
beth israel deaconess medical center;beth israel deaconess medical center
uppsala university;uppsala university
semnan university;semnan university
united states air force academy;united states air force academy
heidelberg university;heidelberg university
merrill lynch;merrill lynch
university of suwon;university of suwon
florida polytechnic university;florida polytechnic university
rensselaer polytechnic institute;rensselaer polytechnic institute
trinity college;trinity college
national human genome research institute;national human genome research institute
university of chile;university of chile
new york university stern school of business;new york university stern school of business
university of michigan flint;university of michigan flint
sungshin women s university;sungshin women s university
yeungnam university;yeungnam university
national taiwan university of science and technology;national taiwan university of science and technology
national chi nan university;national chi nan university
university of pavia;university of pavia
new york institute of technology;new york institute of technology
university of leoben;university of leoben
iwate university;iwate university
electro voice;electro voice
college of science and technology;college of science and technology
graz university of technology;graz university of technology
national institutes of health;national institutes of health
university of sao paulo;university of sao paulo
rmit school of medical sciences;rmit school of medical sciences
university of innsbruck;university of innsbruck
pohang university of science and technology;pohang university of science and technology
wellcome trust;wellcome trust
robotics institute;robotics institute
pec university of technology;pec university of technology
open university of hong kong;open university of hong kong
harris corporation;harris corporation
state university of campinas;state university of campinas
institute of transportation studies;institute of transportation studies
vtt technical research centre of finland;vtt technical research centre of finland
hong kong baptist university;hong kong baptist university
irobot;irobot
max planck institute for human development;max planck institute for human development
university of science and technology of china;university of science and technology of china
indiana university;indiana university
university of graz;university of graz
bosch;bosch
columbia business school;columbia business school
hankuk university of foreign studies;hankuk university of foreign studies
university of illinois at chicago;university of illinois at chicago
dublin institute of technology;dublin institute of technology
university b d t college of engineering;university b d t college of engineering
medical college of wisconsin;medical college of wisconsin
university of san andres;university of san andres
paris dauphine university;paris dauphine university
university of new hampshire;university of new hampshire
artificial intelligence center;artificial intelligence center
king s college cambridge;king s college cambridge
islamic azad university;islamic azad university
university of portsmouth;university of portsmouth
national bureau of investigation;national bureau of investigation
bmw;bmw
university of cantabria;university of cantabria
defence science and technology organization;defence science and technology organization
lebanese american university;lebanese american university
montreal neurological institute and hospital;montreal neurological institute and hospital
national university of distance education;national university of distance education
micron technology;micron technology
mayo clinic;mayo clinic
university of salzburg;university of salzburg
university of tokyo;university of tokyo
university of helsinki;university of helsinki
east carolina university;east carolina university
hebrew university of jerusalem;hebrew university of jerusalem
university of castilla la mancha;university of castilla la mancha
university of parma;university of parma
wake forest university;wake forest university
nagoya institute of technology;nagoya institute of technology
central research institute of electric power industry;central research institute of electric power industry
gogte institute of technology;gogte institute of technology
university of rome tor vergata;university of rome tor vergata
scottish crop research institute;scottish crop research institute
university of bath;university of bath
university of ottawa;university of ottawa
department of biotechnology;department of biotechnology
baylor college of medicine;baylor college of medicine
agh university of science and technology;agh university of science and technology
starlab;starlab
university of rennes;university of rennes
tohoku institute of technology;tohoku institute of technology
west virginia university;west virginia university
chongqing normal university;chongqing normal university
universities uk;universities uk
national eye institute;national eye institute
information technology university;information technology university
university of texas at arlington;university of texas at arlington
center for information technology;center for information technology
chicago metropolitan agency for planning;chicago metropolitan agency for planning
murdoch university;murdoch university
massey university;massey university
union college;union college
leeds beckett university;leeds beckett university
instituto superior tecnico;instituto superior tecnico
autonomous university of barcelona;autonomous university of barcelona
university of maryland college park;university of maryland college park
mitsubishi;mitsubishi
swedish university of agricultural sciences;swedish university of agricultural sciences
university of arkansas at little rock;university of arkansas at little rock
ecole normale superieure de lyon;ecole normale superieure de lyon
san diego supercomputer center;san diego supercomputer center
wesleyan university;wesleyan university
electricite de france;electricite de france
honeywell;honeywell
kyushu institute of technology;kyushu institute of technology
aix marseille university;aix marseille university
university of texas system;university of texas system
hrl laboratories;hrl laboratories
defence research agency;defence research agency
bu ali sina university;bu ali sina university
universite de namur;universite de namur
netherlands forensic institute;netherlands forensic institute
ge healthcare;ge healthcare
sakarya university;sakarya university
institute of robotics and intelligent systems;institute of robotics and intelligent systems
indiana university school of informatics;indiana university school of informatics
school of electronics and computer science university of southampton;school of electronics and computer science university of southampton
pierre and marie curie university;pierre and marie curie university
university of trieste;university of trieste
dso national laboratories;dso national laboratories
southern illinois university edwardsville;southern illinois university edwardsville
scripps institution of oceanography;scripps institution of oceanography
university of reading;university of reading
mcgill university;mcgill university
university of new england;university of new england
university of cincinnati;university of cincinnati
oberlin college;oberlin college
chung hua university;chung hua university
university of north carolina system;university of north carolina system
deakin university;deakin university
rockwell automation;rockwell automation
university of munster;university of munster
boston university;boston university
university of szeged;university of szeged
dartmouth hitchcock medical center;dartmouth hitchcock medical center
jewish hospital;jewish hospital
lawrence berkeley national laboratory;lawrence berkeley national laboratory
national institute of mental health;national institute of mental health
intelligence and national security alliance;intelligence and national security alliance
sejong university;sejong university
omron;omron
university of montpellier;university of montpellier
university of the balearic islands;university of the balearic islands
karlsruhe institute of technology;karlsruhe institute of technology
global alliance in management education;global alliance in management education
mitel;mitel
university of the west of england;university of the west of england
university of lyon;university of lyon
iona college;iona college
lawrence livermore national laboratory;lawrence livermore national laboratory
norwich university;norwich university
democritus university of thrace;democritus university of thrace
university of adelaide;university of adelaide
university of copenhagen;university of copenhagen
university of fribourg;university of fribourg
kyushu university;kyushu university
the school of life;the school of life
gebze institute of technology;gebze institute of technology
burlington coat factory;burlington coat factory
max planck institute of colloids and interfaces;max planck institute of colloids and interfaces
washington university in st louis;washington university in st louis
university college dublin;university college dublin
university of konstanz;university of konstanz
geisel school of medicine;geisel school of medicine
conservatoire national des arts et metiers;conservatoire national des arts et metiers
north carolina state university;north carolina state university
department of computer science university of oxford;department of computer science university of oxford
university of kansas;university of kansas
university of washington;university of washington
university of medicine and dentistry of new jersey;university of medicine and dentistry of new jersey
oita university;oita university
southern new hampshire university;southern new hampshire university
austrian institute of technology;austrian institute of technology
jawaharlal nehru technological university hyderabad;jawaharlal nehru technological university hyderabad
delft university of technology;delft university of technology
harbin engineering university;harbin engineering university
fred hutchinson cancer research center;fred hutchinson cancer research center
nielsen holdings n v;nielsen holdings n v
nokia networks;nokia networks
ramon llull university;ramon llull university
kogakuin university;kogakuin university
toyota;toyota
augustana college;augustana college
noblis;noblis
university of texas at dallas;university of texas at dallas
case western reserve university;case western reserve university
toyohashi university of technology;toyohashi university of technology
sheffield hallam university;sheffield hallam university
university of southampton;university of southampton
california state university;california state university
nova southeastern university;nova southeastern university
environmental research institute of michigan;environmental research institute of michigan
sewanee the university of the south;sewanee the university of the south
villanova university;villanova university
microsoft;microsoft
nara institute of science and technology;nara institute of science and technology
nankai university;nankai university
cornell university;cornell university
robarts research institute;robarts research institute
reykjavik university;reykjavik university
georgetown university;georgetown university
imec;imec
clark atlanta university;clark atlanta university
lockheed missiles and space company;lockheed missiles and space company
zhejiang university;zhejiang university
dolby laboratories;dolby laboratories
canadian institute for advanced research;canadian institute for advanced research
university of tampere;university of tampere
beijing institute of petrochemical technology;beijing institute of petrochemical technology
lehigh university;lehigh university
cleveland clinic;cleveland clinic
binghamton university;binghamton university
bangalore university;bangalore university
universidad autonoma de san luis potosi;universidad autonoma de san luis potosi
met office;met office
san jose state university;san jose state university
san antonio river authority;san antonio river authority
ensae paristech;ensae paristech
toyota technological institute;toyota technological institute
medical university of south carolina;medical university of south carolina
tubitak marmara research center;tubitak marmara research center
university of lincoln;university of lincoln
anhui university;anhui university
ecole normale superieure de cachan;ecole normale superieure de cachan
university of exeter;university of exeter
university of nice sophia antipolis;university of nice sophia antipolis
university of washington bothell;university of washington bothell
institute for scientific interchange;institute for scientific interchange
cleveland institute of electronics;cleveland institute of electronics
texas woman s university;texas woman s university
institut galilee;institut galilee
imperial college school of medicine;imperial college school of medicine
university of marne la vallee;university of marne la vallee
university of victoria;university of victoria
santa clara university;santa clara university
bristol myers squibb;bristol myers squibb
florida atlantic university;florida atlantic university
codan;codan
shenyang university;shenyang university
alcatel lucent;alcatel lucent
harvard t h chan school of public health;harvard t h chan school of public health
japan advanced institute of science and technology;japan advanced institute of science and technology
osaka university;osaka university
ita software;ita software
ecole normale superieure;ecole normale superieure
university of stavanger;university of stavanger
astrazeneca;astrazeneca
university of michigan;university of michigan
hefei university of technology;hefei university of technology
university of hong kong;university of hong kong
cnet;cnet
interdisciplinary center for neural computation;interdisciplinary center for neural computation
university of michigan dearborn;university of michigan dearborn
beijing normal university;beijing normal university
university of alabama;university of alabama
p e s college of engineering;p e s college of engineering
the hartford;the hartford
chang gung university;chang gung university
science applications international corporation;science applications international corporation
new york university;new york university
university of texas at el paso;university of texas at el paso
victoria university australia;victoria university australia
salk institute for biological studies;salk institute for biological studies
pontificia universidade catolica do rio grande do sul;pontificia universidade catolica do rio grande do sul
eotvos lorand university;eotvos lorand university
max planck institute for medical research;max planck institute for medical research
university of turku;university of turku
ecole nationale superieure d electronique et de radioelectricite de grenoble;ecole nationale superieure d electronique et de radioelectricite de grenoble
curie institute;curie institute
general dynamics;general dynamics
huntington hospital;huntington hospital
scripps research institute;scripps research institute
finnish meteorological institute;finnish meteorological institute
procter gamble;procter gamble
maersk;maersk
washington university school of medicine;washington university school of medicine
national academy of sciences of ukraine;national academy of sciences of ukraine
institute of mathematics and informatics;institute of mathematics and informatics
imtek;imtek
sofia university;sofia university
international crisis group;international crisis group
universidade federal do rio grande do sul;universidade federal do rio grande do sul
hosei university;hosei university
federal fluminense university;federal fluminense university
kapteyn astronomical institute;kapteyn astronomical institute
beijing institute of technology;beijing institute of technology
usc marshall school of business;usc marshall school of business
university of derby;university of derby
industrial technology research institute;industrial technology research institute
marquette university;marquette university
leiden university;leiden university
national university of ireland galway;national university of ireland galway
morgridge institute for research;morgridge institute for research
institute of management accountants;institute of management accountants
laurentian university;laurentian university
lsi corporation;lsi corporation
university of the aegean;university of the aegean
mines paristech;mines paristech
united states army research laboratory;united states army research laboratory
university of surrey;university of surrey
ocean university of china;ocean university of china
autonomous university of madrid;autonomous university of madrid
french institute for research in computer science and automation;french institute for research in computer science and automation
americorps vista;americorps vista
lehman college;lehman college
digital management inc;digital management inc
ecole polytechnique de l universite de nantes;ecole polytechnique de l universite de nantes
university of warwick;university of warwick
zayed university;zayed university
kent state university;kent state university
university of st andrews;university of st andrews
university of dundee;university of dundee
carnegie mellon university;carnegie mellon university
amazon com;amazon com
university of valencia;university of valencia
university of california san francisco;university of california san francisco
daimler ag;daimler ag
joanneum research;joanneum research
kalyani government engineering college;kalyani government engineering college
birmingham city university faculty of health;birmingham city university faculty of health
university of bern;university of bern
new york institute of technology college of osteopathic medicine;new york institute of technology college of osteopathic medicine
yeditepe university;yeditepe university
rowan university;rowan university
strategy;strategy
saint louis university;saint louis university
swiss institute of bioinformatics;swiss institute of bioinformatics
media research center;media research center
halmstad university;halmstad university
college of william mary;college of william mary
california institute of technology;california institute of technology
national university of ireland;national university of ireland
artemis;artemis
ses s a;ses s a
university of nevada reno;university of nevada reno
electronics and telecommunications research institute;electronics and telecommunications research institute
university of freiburg faculty of biology;university of freiburg faculty of biology
haas school of business;haas school of business
university of central arkansas;university of central arkansas
institut national des sciences appliquees de lyon;institut national des sciences appliquees de lyon
lyon college;lyon college
college of health sciences bahrain;college of health sciences bahrain
brown university;brown university
loughborough university;loughborough university
toyo university;toyo university
national taipei university of technology;national taipei university of technology
helen wills neuroscience institute;helen wills neuroscience institute
austrian research institute for artificial intelligence;austrian research institute for artificial intelligence
computer sciences corporation;computer sciences corporation
louisiana tech university;louisiana tech university
polytechnic university of valencia;polytechnic university of valencia
graduate school of management;graduate school of management
university of alberta;university of alberta
sony computer entertainment;sony computer entertainment
landcare research;landcare research
lear corporation;lear corporation
dong a university;dong a university
university of maryland baltimore county;university of maryland baltimore county
yahoo;yahoo
wuhan university;wuhan university
university of wales;university of wales
electronics for imaging;electronics for imaging
malmo university;malmo university
university of virginia;university of virginia
university of bologna;university of bologna
petronas;petronas
university of melbourne;university of melbourne
tobb university of economics and technology;tobb university of economics and technology
siemens healthcare;siemens healthcare
willow garage;willow garage
yeshiva university;yeshiva university
institut des hautes etudes scientifiques;institut des hautes etudes scientifiques
university of north dakota;university of north dakota
iowa state university;iowa state university
depaul university;depaul university
drexel university;drexel university
stmicroelectronics;stmicroelectronics
sri international;sri international
university of california;university of california
centro de investigacion en matematicas;centro de investigacion en matematicas
naval postgraduate school;naval postgraduate school
university of tennessee;university of tennessee
liverpool john moores university;liverpool john moores university
sidney sussex college cambridge;sidney sussex college cambridge
department of science and technology;department of science and technology
university of wisconsin whitewater;university of wisconsin whitewater
university of perugia;university of perugia
linux professional institute;linux professional institute
james i university;james i university
technical university of crete;technical university of crete
los alamos national laboratory;los alamos national laboratory
university of missouri st louis;university of missouri st louis
wittenberg university;wittenberg university
university of arkansas;university of arkansas
united states bureau of mines;united states bureau of mines
american petroleum institute;american petroleum institute
university of bradford;university of bradford
bielefeld university;bielefeld university
incyte;incyte
monroe community college;monroe community college
wadsworth center;wadsworth center
ricoh;ricoh
american university of beirut;american university of beirut
vilnius university;vilnius university
national institute of environmental health sciences;national institute of environmental health sciences
university of duisburg essen;university of duisburg essen
city university london;city university london
bar ilan university;bar ilan university
athens university of economics and business;athens university of economics and business
evolution robotics;evolution robotics
indian institute of technology roorkee;indian institute of technology roorkee
university of valladolid;university of valladolid
middlebury college;middlebury college
ecole nationale superieure d ingenieurs electriciens de grenoble;ecole nationale superieure d ingenieurs electriciens de grenoble
university of lorraine;university of lorraine
james cook university;james cook university
university of glasgow;university of glasgow
biodesign institute;biodesign institute
university of texas md anderson cancer center;university of texas md anderson cancer center
st cloud state university;st cloud state university
university of southern denmark;university of southern denmark
vassar college;vassar college
winston salem state university;winston salem state university
heritage institute of technology;heritage institute of technology
shanghai university;shanghai university
university of jaen;university of jaen
ioffe institute;ioffe institute
aichi university of education;aichi university of education
centrum wiskunde informatica;centrum wiskunde informatica
shandong university;shandong university
national taiwan university;national taiwan university
royal society;royal society
caps;caps
max planck society;max planck society
monash university;monash university
universities space research association;universities space research association
kookmin university;kookmin university
new jersey institute of technology;new jersey institute of technology
cyprus university of technology;cyprus university of technology
moscow state university;moscow state university
george washington university;george washington university
interdisciplinary center for scientific computing;interdisciplinary center for scientific computing
harbin institute of technology;harbin institute of technology
french institute of health and medical research;french institute of health and medical research
rovira i virgili university;rovira i virgili university
louisiana state university;louisiana state university
kaunas university of technology;kaunas university of technology
european bioinformatics institute;european bioinformatics institute
anqing teachers college;anqing teachers college
motorola;motorola
civilian marksmanship program;civilian marksmanship program
oxford brookes university;oxford brookes university
european institute of oncology;european institute of oncology
city university of new york;city university of new york
medical university of vienna;medical university of vienna
indian council of agricultural research;indian council of agricultural research
trinity university;trinity university
tokyo university of technology;tokyo university of technology
language technologies institute;language technologies institute
johnson johnson;johnson johnson
bilkent university;bilkent university
cern;cern
college of western idaho;college of western idaho
novay;novay
drug enforcement administration;drug enforcement administration
tokyo metropolitan university;tokyo metropolitan university
international centre for theoretical physics;international centre for theoretical physics
university of the district of columbia;university of the district of columbia
chulalongkorn university;chulalongkorn university
faculte polytechnique de mons;faculte polytechnique de mons
technology service corporation;technology service corporation
mississippi state university;mississippi state university
chung ang university;chung ang university
fiat automobiles;fiat automobiles
university of oulu;university of oulu
concordia college;concordia college
college of charleston;college of charleston
heilongjiang university;heilongjiang university
yuan ze university;yuan ze university
hewlett packard;hewlett packard
meiji university;meiji university
national archives and records administration;national archives and records administration
burton snowboards;burton snowboards
institute for scientific information;institute for scientific information
eskisehir osmangazi university;eskisehir osmangazi university
university of new south wales asia;university of new south wales asia
university of akron;university of akron
charles iii university of madrid;charles iii university of madrid
university of zagreb;university of zagreb
electronic visualization laboratory;electronic visualization laboratory
rmit university;rmit university
l abri;l abri
ntt docomo;ntt docomo
massachusetts institute of technology;massachusetts institute of technology
hp labs;hp labs
oak ridge national laboratory;oak ridge national laboratory
nanyang technological university;nanyang technological university
university of amsterdam;university of amsterdam
swedish defence research agency;swedish defence research agency
northwest normal university;northwest normal university
memorial university of newfoundland;memorial university of newfoundland
birkbeck university of london;birkbeck university of london
university of the west;university of the west
edith cowan university;edith cowan university
kansas state university;kansas state university
hong kong polytechnic university;hong kong polytechnic university
mahanakorn university of technology;mahanakorn university of technology
ming chuan university;ming chuan university
central michigan university;central michigan university
university of greenwich;university of greenwich
pontifical catholic university of rio de janeiro;pontifical catholic university of rio de janeiro
savitribai phule pune university;savitribai phule pune university
complutense university of madrid;complutense university of madrid
wilfrid laurier university;wilfrid laurier university
wright laboratory;wright laboratory
indian institute of technology hyderabad;indian institute of technology hyderabad
macquarie university;macquarie university
washington state university;washington state university
east china normal university;east china normal university
american academy of child and adolescent psychiatry;american academy of child and adolescent psychiatry
pontificia universidade catolica do parana;pontificia universidade catolica do parana
brunel university london;brunel university london
university of toronto;university of toronto
braunschweig university of technology;braunschweig university of technology
kwandong university;kwandong university
indraprastha institute of information technology;indraprastha institute of information technology
university of burgundy;university of burgundy
mediatech institute;mediatech institute
decision sciences institute;decision sciences institute
ashkelon academic college;ashkelon academic college
technion israel institute of technology;technion israel institute of technology
tel aviv university;tel aviv university
helsinki institute for information technology;helsinki institute for information technology
citadel llc;citadel llc
national united university;national united university
mcgill university school of computer science;mcgill university school of computer science
house ear institute;house ear institute
deutsche telekom;deutsche telekom
graduate school usa;graduate school usa
karolinska institutet;karolinska institutet
indian space research organisation;indian space research organisation
university of cologne;university of cologne
memorial sloan kettering cancer center;memorial sloan kettering cancer center
city college of new york;city college of new york
harvard medical school;harvard medical school
minnesota state university mankato;minnesota state university mankato
ericsson;ericsson
university of the pacific;university of the pacific
university of western australia;university of western australia
multimedia university;multimedia university
delta air lines;delta air lines
scientific computing and imaging institute;scientific computing and imaging institute
beijing jiaotong university;beijing jiaotong university
texas a m university corpus christi;texas a m university corpus christi
ulster university;ulster university
university of tsukuba;university of tsukuba
flinders university;flinders university
national institute for occupational safety and health;national institute for occupational safety and health
university of hawaii at manoa;university of hawaii at manoa
mckinsey company;mckinsey company
royal military academy;royal military academy
ecole polytechnique de montreal;ecole polytechnique de montreal
serc reliability corporation;serc reliability corporation
panasonic;panasonic
aichi medical university;aichi medical university
kaist;kaist
school of electrical and electronic engineering university of manchester;school of electrical and electronic engineering university of manchester
ecole centrale de lyon;ecole centrale de lyon
numerical algorithms group;numerical algorithms group
international university of health and welfare;international university of health and welfare
at t labs;at t labs
united states national library of medicine;united states national library of medicine
vu university amsterdam;vu university amsterdam
university of cagliari;university of cagliari
langley research center;langley research center
seoul national university of science and technology;seoul national university of science and technology
national council for scientific and technological development;national council for scientific and technological development
esso;esso
kwangwoon university;kwangwoon university
tottori university;tottori university
howard hughes medical institute;howard hughes medical institute
omsk state university;omsk state university
stellenbosch university;stellenbosch university
chungbuk national university;chungbuk national university
isle of man department of transport;isle of man department of transport
universite du quebec a montreal;universite du quebec a montreal
university of wisconsin madison;university of wisconsin madison
preston;preston
ajou university;ajou university
university of louisville;university of louisville
makerere university;makerere university
telecom lille 1;telecom lille 1
colorado technical university;colorado technical university
novartis;novartis
university of crete;university of crete
boston college;boston college
university of salerno;university of salerno
champlain regional college;champlain regional college
university of washington school of medicine;university of washington school of medicine
kyoto institute of technology;kyoto institute of technology
tampere university of technology;tampere university of technology
university of granada;university of granada
universite de technologie de belfort montbeliard;universite de technologie de belfort montbeliard
beihang university;beihang university
swisscom;swisscom
academy of sciences of the czech republic;academy of sciences of the czech republic
it university of copenhagen;it university of copenhagen
ge global research;ge global research
open university of israel;open university of israel
picturetel corp;picturetel corp
cooperative institute for meteorological satellite studies;cooperative institute for meteorological satellite studies
university of rouen;university of rouen
old dominion university;old dominion university
at t information systems;at t information systems
universite de montreal;universite de montreal
aston university;aston university
technische universitat darmstadt;technische universitat darmstadt
software engineering institute;software engineering institute
goethe university frankfurt;goethe university frankfurt
sandia national laboratories;sandia national laboratories
florida institute of technology;florida institute of technology
air force institute of technology;air force institute of technology
whitehead institute;whitehead institute
middle east technical university;middle east technical university
norwegian university of science and technology;norwegian university of science and technology
federal university of ceara;federal university of ceara
university of leon;university of leon
olin business school;olin business school
wayne state university;wayne state university
south china university of technology;south china university of technology
apple inc;apple inc
microstrategy;microstrategy
tulane university;tulane university
university of lausanne;university of lausanne
university of geneva;university of geneva
alibaba group;alibaba group
university of newcastle;university of newcastle
yamaguchi university;yamaguchi university
cranfield university;cranfield university
junior college;junior college
university of warsaw;university of warsaw
college of business administration;college of business administration
technical university of lisbon;technical university of lisbon
boston children s hospital;boston children s hospital
university of southern california;university of southern california
pacific northwest national laboratory;pacific northwest national laboratory
woods hole oceanographic institution;woods hole oceanographic institution
at t teleholdings inc;at t teleholdings inc
kore university of enna;kore university of enna
qinetiq;qinetiq
university of hawaii at hilo;university of hawaii at hilo
university of rostock;university of rostock
university of milan;university of milan
shinshu university;shinshu university
silesian university of technology;silesian university of technology
icahn school of medicine at mount sinai;icahn school of medicine at mount sinai
institut universitaire de france;institut universitaire de france
university of cape town;university of cape town
environ;environ
agricultural research organization volcani center;agricultural research organization volcani center
harvard law school;harvard law school
jadavpur university;jadavpur university
university of guadalajara;university of guadalajara
food and drug administration;food and drug administration
university of tennessee at chattanooga;university of tennessee at chattanooga
fudan university;fudan university
aalto university;aalto university
singer corporation;singer corporation
office of naval research;office of naval research
university of paderborn;university of paderborn
haskins laboratories;haskins laboratories
western kentucky university;western kentucky university
bocconi university;bocconi university
mie university;mie university
university of genoa;university of genoa
international association of machinists and aerospace workers;international association of machinists and aerospace workers
wright state university;wright state university
national chung hsing university;national chung hsing university
ben gurion university of the negev;ben gurion university of the negev
mount holyoke college;mount holyoke college
university of bahrain;university of bahrain
orbotech;orbotech
university of oregon;university of oregon
institute of psychology;institute of psychology
ircam;ircam
the chinese university of hong kong;the chinese university of hong kong
ecole nationale superieure de l electronique et de ses applications;ecole nationale superieure de l electronique et de ses applications
tufts medical center;tufts medical center
jikei university school of medicine;jikei university school of medicine
nicta;nicta
university of ulsan college of medicine;university of ulsan college of medicine
kagawa university;kagawa university
university of north carolina at chapel hill;university of north carolina at chapel hill
institut de robotica i informatica industrial;institut de robotica i informatica industrial
volkswagen;volkswagen
mae fah luang university;mae fah luang university
katholieke universiteit leuven;katholieke universiteit leuven
university of louisiana at monroe;university of louisiana at monroe
okayama university;okayama university
hamilton institute;hamilton institute
london school of economics and political science;london school of economics and political science
andong national university;andong national university
lappeenranta university of technology;lappeenranta university of technology
goddard space flight center;goddard space flight center
fujitsu;fujitsu
congressional research service;congressional research service
huazhong university of science and technology;huazhong university of science and technology
mccombs school of business;mccombs school of business
linkoping university;linkoping university
tasc inc;tasc inc
universidad autonoma de yucatan;universidad autonoma de yucatan
university of california san diego;university of california san diego
university of science and technology sana a;university of science and technology sana a
vision sciences inc;vision sciences inc
indian institute of engineering science and technology shibpur;indian institute of engineering science and technology shibpur
new mexico state university;new mexico state university
navteq;navteq
university of brighton;university of brighton
kwansei gakuin university;kwansei gakuin university
smith college;smith college
bell canada;bell canada
asian institute of technology;asian institute of technology
telecom australia;telecom australia
university of hamburg;university of hamburg
instituto politecnico nacional;instituto politecnico nacional
colorado school of mines;colorado school of mines
jordan university of science and technology;jordan university of science and technology
tufts university school of medicine;tufts university school of medicine
brock university;brock university
erasmus university rotterdam;erasmus university rotterdam
oakland university;oakland university
chung yuan christian university;chung yuan christian university
sun yat sen university;sun yat sen university
stanford university;stanford university
science college;science college
university of otago;university of otago
max planck institute for intelligent systems;max planck institute for intelligent systems
sage bionetworks;sage bionetworks
kyungpook national university;kyungpook national university
interval research corporation;interval research corporation
agricultural university of athens;agricultural university of athens
dongseo university;dongseo university
institute for creative technologies;institute for creative technologies
hunan university;hunan university
university of massachusetts dartmouth;university of massachusetts dartmouth
czech technical university in prague;czech technical university in prague
nuffield college;nuffield college
ubs;ubs
chongqing university;chongqing university
rochester institute of technology;rochester institute of technology
lockheed martin missiles and fire control;lockheed martin missiles and fire control
indian institute of technology madras;indian institute of technology madras
ministry of labor;ministry of labor
university of rhode island;university of rhode island
itt technical institute;itt technical institute
humboldt state university;humboldt state university
rand corporation;rand corporation
springer science business media;springer science business media
griffith university;griffith university
university of beira interior;university of beira interior
universite libre de bruxelles;universite libre de bruxelles
ritsumeikan university;ritsumeikan university
chiba university;chiba university
battelle memorial institute;battelle memorial institute
national institute of standards and technology;national institute of standards and technology
tata consultancy services;tata consultancy services
northumbria university;northumbria university
grinnell college;grinnell college
george mason university;george mason university
university of palermo;university of palermo
case western reserve university school of medicine;case western reserve university school of medicine
concordia university;concordia university
technical university of dortmund;technical university of dortmund
national research council;national research council
national technical institute for the deaf;national technical institute for the deaf
balliol college;balliol college
darpa;darpa
general electric;general electric
delgado community college;delgado community college
university of miami;university of miami
ogi school of science and engineering;ogi school of science and engineering
tellabs;tellabs
nagoya city university;nagoya city university
st hugh s college oxford;st hugh s college oxford
defence evaluation and research agency;defence evaluation and research agency
collegio carlo alberto;collegio carlo alberto
ieee computer society;ieee computer society
beckman institute for advanced science and technology;beckman institute for advanced science and technology
vienna university of technology;vienna university of technology
keele university;keele university
center for neural science;center for neural science
haverford college;haverford college
michigan state university;michigan state university
skolkovo institute of science and technology;skolkovo institute of science and technology
xiamen university;xiamen university
pompeu fabra university;pompeu fabra university
university of windsor;university of windsor
texas instruments;texas instruments
ukraine international airlines;ukraine international airlines
otto von guericke university magdeburg;otto von guericke university magdeburg
industrial light magic;industrial light magic
weizmann institute of science;weizmann institute of science
university of potsdam;university of potsdam
king juan carlos university;king juan carlos university
institut national de la recherche scientifique;institut national de la recherche scientifique
wake forest school of medicine;wake forest school of medicine
technical university of berlin;technical university of berlin
university of mysore;university of mysore
university of kiel;university of kiel
telford;telford
national kaohsiung university of applied sciences;national kaohsiung university of applied sciences
university of michigan health system;university of michigan health system
aalto university school of business;aalto university school of business
university of sfax;university of sfax
university of dusseldorf;university of dusseldorf
southwest university;southwest university
kagoshima university;kagoshima university
yamagata university;yamagata university
maastricht university;maastricht university
university of waikato;university of waikato
st bartholomew s hospital;st bartholomew s hospital
chosun university;chosun university
university of liverpool;university of liverpool
university of mainz;university of mainz
cardiff university;cardiff university
university of california davis;university of california davis
zuse institute berlin;zuse institute berlin
brandeis university;brandeis university
university of augsburg;university of augsburg
department of systems biology;department of systems biology
qualcomm;qualcomm
university of huddersfield;university of huddersfield
johannes kepler university of linz;johannes kepler university of linz
university of lubeck;university of lubeck
north carolina central university;north carolina central university
indian institute of technology kanpur;indian institute of technology kanpur
yokohama national university;yokohama national university
kobe university;kobe university
osaka prefecture university;osaka prefecture university
university of macau;university of macau
kuwait university;kuwait university
university of leeds;university of leeds
university of electro communications;university of electro communications
ohio state university;ohio state university
university of siena;university of siena
pomona college;pomona college
lancaster university;lancaster university
centre de recherches mathematiques;centre de recherches mathematiques
national and kapodistrian university of athens;national and kapodistrian university of athens
tilburg university;tilburg university
athlone institute of technology;athlone institute of technology
brigham young university;brigham young university
university of chicago;university of chicago
rsa;rsa
celera corporation;celera corporation
memorial hospital of south bend;memorial hospital of south bend
inner mongolia university;inner mongolia university
myongji university;myongji university
sogang university;sogang university
university of north carolina at charlotte;university of north carolina at charlotte
sichuan university;sichuan university
international school for advanced studies;international school for advanced studies
seinan gakuin university;seinan gakuin university
radford university;radford university
university of pisa;university of pisa
korea maritime and ocean university;korea maritime and ocean university
drew university;drew university
banting and best department of medical research;banting and best department of medical research
istituto italiano di tecnologia;istituto italiano di tecnologia
cma cgm;cma cgm
university of pittsburgh school of medicine;university of pittsburgh school of medicine
enseeiht;enseeiht
ohio university;ohio university
georgia tech research institute;georgia tech research institute
sapienza university of rome;sapienza university of rome
bowling green state university;bowling green state university
national tsing hua university;national tsing hua university
niels bohr institute;niels bohr institute
tohoku university;tohoku university
roke manor research;roke manor research
nijmegen institute for cognition and information;nijmegen institute for cognition and information
american cyanamid;american cyanamid
institute for logic language and computation;institute for logic language and computation
la salle university;la salle university
national chengchi university;national chengchi university
chinese academy of sciences;chinese academy of sciences
waseda university;waseda university
stockholm university;stockholm university
royal holloway university of london;royal holloway university of london
international society for intelligence research;international society for intelligence research
information sciences institute;information sciences institute
cadence design systems;cadence design systems
national taipei university of education;national taipei university of education
pennsylvania state university;pennsylvania state university
air force research laboratory;air force research laboratory
technical university of denmark;technical university of denmark
shanghai jiao tong university;shanghai jiao tong university
japanese ministry of international trade and industry;japanese ministry of international trade and industry
indian institute of technology delhi;indian institute of technology delhi
stony brook university;stony brook university
barclays investment bank;barclays investment bank
tennessee technological university;tennessee technological university
cross cancer institute;cross cancer institute
leipzig university;leipzig university
ryukoku university;ryukoku university
university of missouri;university of missouri
university of barcelona;university of barcelona
university of florence;university of florence
united states department of defense;united states department of defense
american university in cairo;american university in cairo
queen s university;queen s university
university of york;university of york
king fahd university of petroleum and minerals;king fahd university of petroleum and minerals
university of sassari;university of sassari
mitsubishi electric;mitsubishi electric
czestochowa university of technology;czestochowa university of technology
university of london;university of london
university of girona;university of girona
san diego state university;san diego state university
rikshospitalet radiumhospitalet;rikshospitalet radiumhospitalet
university of colorado colorado springs;university of colorado colorado springs
united states naval research laboratory;united states naval research laboratory
agriculture and agri food canada;agriculture and agri food canada
university of ulm;university of ulm
charles stark draper laboratory;charles stark draper laboratory
aea technology;aea technology
city university of seattle;city university of seattle
chiang mai university;chiang mai university
polaroid corporation;polaroid corporation
sarnoff corporation;sarnoff corporation
taizhou university;taizhou university
korea institute of science and technology information;korea institute of science and technology information
korea institute for advanced study;korea institute for advanced study
university of balamand;university of balamand
university of strasbourg;university of strasbourg
institute of statistical mathematics;institute of statistical mathematics
universite du quebec;universite du quebec
university of bayreuth;university of bayreuth
spanish national research council;spanish national research council
herzberg institute of astrophysics;herzberg institute of astrophysics
ecole navale;ecole navale
jinan university;jinan university
harvard smithsonian center for astrophysics;harvard smithsonian center for astrophysics
moore school of electrical engineering;moore school of electrical engineering
martin luther university of halle wittenberg;martin luther university of halle wittenberg
ntt data;ntt data
national chiao tung university;national chiao tung university
hangzhou dianzi university;hangzhou dianzi university
marion merrell dow;marion merrell dow
george washington university virginia campus;george washington university virginia campus
nathan kline institute for psychiatric research;nathan kline institute for psychiatric research
stevens institute of technology;stevens institute of technology
university of denver;university of denver
state university of new york at fredonia;state university of new york at fredonia
norwegian computing center;norwegian computing center
chalmers university of technology;chalmers university of technology
joseph fourier university;joseph fourier university
agency for science technology and research;agency for science technology and research
soka gakkai international;soka gakkai international
fairmont state university;fairmont state university
tokyo institute of technology;tokyo institute of technology
ecole polytechnique;ecole polytechnique
msc industrial direct company inc;msc industrial direct company inc
tamkang university;tamkang university
portland state university;portland state university
king abdulaziz city for science and technology;king abdulaziz city for science and technology
university of delaware;university of delaware
technical university of kenya;technical university of kenya
syracuse university;syracuse university
university of zurich;university of zurich
lahore university of management sciences;lahore university of management sciences
university of utah;university of utah
alenia aeronautica;alenia aeronautica
honda;honda
aims community college;aims community college
mathworks;mathworks
bangor university;bangor university
matra;matra
courant institute of mathematical sciences;courant institute of mathematical sciences
university of manchester institute of science and technology;university of manchester institute of science and technology
aichi prefectural university;aichi prefectural university
university of alicante;university of alicante
bell labs;bell labs
lulea university of technology;lulea university of technology
mentor graphics;mentor graphics
university of insubria;university of insubria
russian academy of sciences;russian academy of sciences
university of guelph;university of guelph
national university of singapore;national university of singapore
hiroshima city university;hiroshima city university
codex corporation;codex corporation
yale school of medicine;yale school of medicine
rafael advanced defense systems;rafael advanced defense systems
fx palo alto laboratory;fx palo alto laboratory
insead;insead
dalian university of technology;dalian university of technology
university of wisconsin milwaukee;university of wisconsin milwaukee
mit lincoln laboratory;mit lincoln laboratory
university of salford;university of salford
mathsoft;mathsoft
nust school of civil and environmental engineering;nust school of civil and environmental engineering
university of houston;university of houston
gyeongju university;gyeongju university
ege university;ege university
la poste;la poste
university of western ontario;university of western ontario
university of minnesota;university of minnesota
university of south australia;university of south australia
ecole pour l informatique et les techniques avancees;ecole pour l informatique et les techniques avancees
university of tubingen;university of tubingen
nec;nec
utrecht university;utrecht university
university of limerick;university of limerick
university at albany suny;university at albany suny
chonbuk national university;chonbuk national university
university of maryland medical center;university of maryland medical center
university of pittsburgh;university of pittsburgh
gallaudet university;gallaudet university
kansai medical university;kansai medical university
credit suisse;credit suisse
technische hochschule;technische hochschule
ecole polytechnique federale de lausanne;ecole polytechnique federale de lausanne
catholic university of leuven;catholic university of leuven
telstra;telstra
university of oxford;university of oxford
glendon college;glendon college
university of twente;university of twente
aalborg university;aalborg university
university of los andes;university of los andes
fu jen catholic university;fu jen catholic university
toshiba;toshiba
rand afrikaans university;rand afrikaans university
bulgarian academy of sciences;bulgarian academy of sciences
alias systems corporation;alias systems corporation
indian institute of technology kharagpur;indian institute of technology kharagpur
university of paris sud;university of paris sud
california state university monterey bay;california state university monterey bay
niit;niit
westfield college;westfield college
innsbruck medical university;innsbruck medical university
national technological university;national technological university
rice university;rice university
nottingham trent university;nottingham trent university
mauna kea technologies;mauna kea technologies
brigham and women s hospital;brigham and women s hospital
alaska pacific university;alaska pacific university
department of the army;department of the army
singapore university of technology and design;singapore university of technology and design
fairchild semiconductor international inc;fairchild semiconductor international inc
college of information technology;college of information technology
open university;open university
etsi;etsi
international institute of minnesota;international institute of minnesota
national sun yat sen university;national sun yat sen university
temple university;temple university
hebei university;hebei university
university of erlangen nuremberg;university of erlangen nuremberg
national fund for scientific research;national fund for scientific research
dupont;dupont
saarland university;saarland university
northeastern university;northeastern university
realnetworks;realnetworks
university of new mexico;university of new mexico
toyota technological institute at chicago;toyota technological institute at chicago
purdue university college of engineering;purdue university college of engineering
keio university;keio university
new york state department of health;new york state department of health
commonwealth scientific and industrial research organisation;commonwealth scientific and industrial research organisation
gifu university;gifu university
university of waterloo;university of waterloo
paris descartes university;paris descartes university
new mexico institute of mining and technology;new mexico institute of mining and technology
nagoya university;nagoya university
hangzhou normal university;hangzhou normal university
jet propulsion laboratory;jet propulsion laboratory
seikei university;seikei university
mit press;mit press
university of louisiana at lafayette;university of louisiana at lafayette
university of ontario institute of technology;university of ontario institute of technology
universidade federal de minas gerais;universidade federal de minas gerais
kumamoto university;kumamoto university
university of hasselt;university of hasselt
georgia institute of technology college of computing;georgia institute of technology college of computing
beijing university of technology;beijing university of technology
charite;charite
fico;fico
free university of berlin;free university of berlin
newcastle university;newcastle university
huaqiao university;huaqiao university
garvan institute of medical research;garvan institute of medical research
tokyo university of science;tokyo university of science
stanford university medical center;stanford university medical center
providence college;providence college
walter and eliza hall institute of medical research;walter and eliza hall institute of medical research
ottawa university;ottawa university
king s college london;king s college london
asansol engineering college;asansol engineering college
hanyang university;hanyang university
state university of new york at plattsburgh;state university of new york at plattsburgh
hunter college;hunter college
university of nebraska omaha;university of nebraska omaha
university of padua;university of padua
royal institute of technology;royal institute of technology
georgia institute of technology;georgia institute of technology
university of liege;university of liege
samsung;samsung
kitware;kitware
university of southern indiana;university of southern indiana
american society for biochemistry and molecular biology;american society for biochemistry and molecular biology
citigroup;citigroup
university of poitiers;university of poitiers
albanian mobile communications;albanian mobile communications
cox school of business;cox school of business
gpa;gpa
istanbul technical university;istanbul technical university
kean university;kean university
independent university of moscow;independent university of moscow
national institute of allergy and infectious diseases;national institute of allergy and infectious diseases
university of oklahoma;university of oklahoma
southern methodist university;southern methodist university
illinois institute of technology;illinois institute of technology
california state university northridge;california state university northridge
the aerospace corporation;the aerospace corporation
google;google
university of the basque country;university of the basque country
southwest research institute;southwest research institute
interdisciplinary center herzliya;interdisciplinary center herzliya
university of regina;university of regina
tshwane university of technology;tshwane university of technology
kanazawa university;kanazawa university
utsunomiya university;utsunomiya university
at t corporation;at t corporation
gulbarga university;gulbarga university
parc;parc
yale child study center;yale child study center
arizona state university;arizona state university
university of canberra;university of canberra
urbana university;urbana university
york university;york university
american museum of natural history;american museum of natural history
st jude children s research hospital;st jude children s research hospital
laboratory of molecular biology;laboratory of molecular biology
canadian real estate association;canadian real estate association
university of minnesota school of public health;university of minnesota school of public health
university of marburg;university of marburg
institute for the protection and security of the citizen;institute for the protection and security of the citizen
academia sinica;academia sinica
university of udine;university of udine
polytechnic institute of lisbon;polytechnic institute of lisbon
university of texas southwestern medical center;university of texas southwestern medical center
tsinghua university;tsinghua university
institute for systems biology;institute for systems biology
lg electronics;lg electronics
ford motor company;ford motor company
queensland university of technology;queensland university of technology
university of texas at san antonio;university of texas at san antonio
university of trento;university of trento
glaxosmithkline;glaxosmithkline
university of east anglia;university of east anglia
saitama university;saitama university
osaka electro communication university;osaka electro communication university
bt group;bt group
xi an jiaotong liverpool university;xi an jiaotong liverpool university
european southern observatory;european southern observatory
university of california berkeley;university of california berkeley
tianjin university;tianjin university
dav college chandigarh;dav college chandigarh
institute of science and technology austria;institute of science and technology austria
dental school;dental school
takeda pharmaceutical company;takeda pharmaceutical company
university of the west of scotland;university of the west of scotland
university of nebraska medical center;university of nebraska medical center
stanford university school of medicine;stanford university school of medicine
higher school of communication of tunis;higher school of communication of tunis
international speedway corporation;international speedway corporation
pace university;pace university
max planck institute of psychiatry;max planck institute of psychiatry
university of canterbury;university of canterbury
seattle university;seattle university
university of zaragoza;university of zaragoza
university of technology sydney;university of technology sydney
edmund t pratt jr school of engineering;edmund t pratt jr school of engineering
united states geological survey;united states geological survey
florida state university;florida state university
vrije universiteit brussel;vrije universiteit brussel
aarhus university;aarhus university
pepperdine university;pepperdine university
athens state university;athens state university
bae systems;bae systems
esiee;esiee
pasteur institute;pasteur institute
ecole des ponts paristech;ecole des ponts paristech
oklahoma state university stillwater;oklahoma state university stillwater
texas a m university;texas a m university
princeton university;princeton university
north american electric reliability corporation;north american electric reliability corporation
research institute for advanced computer science;research institute for advanced computer science
university of bremen;university of bremen
university of birmingham;university of birmingham
california state university long beach;california state university long beach
feinberg school of medicine;feinberg school of medicine
armstrong laboratory;armstrong laboratory
mitre corporation;mitre corporation
monash university clayton campus;monash university clayton campus
bogazici university;bogazici university
kao corporation;kao corporation
university of wollongong;university of wollongong
university of lisbon;university of lisbon
university of saskatchewan;university of saskatchewan
ifremer;ifremer
foundation for research technology hellas;foundation for research technology hellas
alabama state university;alabama state university
university of california santa barbara;university of california santa barbara
cisco systems inc;cisco systems inc
ecole centrale paris;ecole centrale paris
ewha womans university;ewha womans university
university of essex;university of essex
university of toulouse;university of toulouse
catholic university of the sacred heart;catholic university of the sacred heart
university of verona;university of verona
university of sussex;university of sussex
widener university;widener university
university of strathclyde;university of strathclyde
nanjing university of science and technology;nanjing university of science and technology
national research university higher school of economics;national research university higher school of economics
university of notre dame;university of notre dame
harvard university;harvard university
ign;ign
punjabi university;punjabi university
francois rabelais university;francois rabelais university
department of engineering science university of oxford;department of engineering science university of oxford
university of memphis;university of memphis
guangzhou higher education mega center;guangzhou higher education mega center
university of paris;university of paris
general motors;general motors
armstrong state university;armstrong state university
yonsei university;yonsei university
rutgers university;rutgers university
santa fe institute;santa fe institute
queen s university belfast;queen s university belfast
university of manchester;university of manchester
jilin university;jilin university
national institute for medical research;national institute for medical research
university of st gallen;university of st gallen
amirkabir university of technology;amirkabir university of technology
avaya;avaya
yale university;yale university
cooperative research centre;cooperative research centre
dartmouth college;dartmouth college
university of groningen;university of groningen
institute for theoretical computer science;institute for theoretical computer science
universidad de guanajuato;universidad de guanajuato
university of regensburg;university of regensburg
cyprus college;cyprus college
fmc corporation;fmc corporation
university of connecticut;university of connecticut
university of extremadura;university of extremadura
university of novi sad;university of novi sad
denso;denso
sra international;sra international
universite de sherbrooke;universite de sherbrooke
nagaoka university of technology;nagaoka university of technology
oregon state university;oregon state university
hungarian academy of sciences;hungarian academy of sciences
university of bristol;university of bristol
johns hopkins university;johns hopkins university
netherlands organisation for applied scientific research;netherlands organisation for applied scientific research
national technical university;national technical university
systems research institute;systems research institute
tufts university;tufts university
bunkyo university;bunkyo university
german cancer research center;german cancer research center
korea university;korea university
university of milano bicocca;university of milano bicocca
leibniz university of hanover;leibniz university of hanover
university of nottingham;university of nottingham
harvard mit division of health sciences and technology;harvard mit division of health sciences and technology
wellcome trust centre for human genetics;wellcome trust centre for human genetics
southeast university;southeast university
burapha university;burapha university
abo akademi university;abo akademi university
university of montana;university of montana
sun microsystems;sun microsystems
rwth aachen university;rwth aachen university
at t;at t
university of kent;university of kent
ghent university;ghent university
ecole des mines de nantes;ecole des mines de nantes
university of redlands;university of redlands
university of manitoba;university of manitoba
aalto university school of science;aalto university school of science
children s hospital of philadelphia;children s hospital of philadelphia
huawei;huawei
ulsan national institute of science and technology;ulsan national institute of science and technology
shimane university;shimane university
miami university;miami university
state university of new york system;state university of new york system
florida international university;florida international university
istituto di scienza e tecnologie dell informazione;istituto di scienza e tecnologie dell informazione
xerox;xerox
national physical laboratory;national physical laboratory
royal roads military college;royal roads military college
whiting school of engineering;whiting school of engineering
simon fraser university;simon fraser university
new york state department of environmental conservation;new york state department of environmental conservation
ames research center;ames research center
international institute of information technology hyderabad;international institute of information technology hyderabad
aristotle university of thessaloniki;aristotle university of thessaloniki
university of osnabruck;university of osnabruck
western michigan university;western michigan university
university of sharjah;university of sharjah
fairleigh dickinson university;fairleigh dickinson university
institut national de la recherche agronomique;institut national de la recherche agronomique
tongji university;tongji university
cheng shiu university;cheng shiu university
cairo university;cairo university
united parcel service;united parcel service
scripps health;scripps health
university of texas at austin;university of texas at austin
hong kong institute of education;hong kong institute of education
department of engineering university of cambridge;department of engineering university of cambridge
cancer research institute;cancer research institute
nippon telegraph and telephone;nippon telegraph and telephone
intel;intel
sangmyung university;sangmyung university
claremont mckenna college;claremont mckenna college
institute of mathematical sciences chennai;institute of mathematical sciences chennai
utah state university;utah state university
computer laboratory university of cambridge;computer laboratory university of cambridge
tokyo medical university;tokyo medical university
university of california irvine;university of california irvine
federal university of pernambuco;federal university of pernambuco
university of siegen;university of siegen
gwangju institute of science and technology;gwangju institute of science and technology
slovak academy of sciences;slovak academy of sciences
clemson university;clemson university
maynooth university;maynooth university
seoul national university;seoul national university
eth zurich;eth zurich
university of sheffield;university of sheffield
national institute of advanced industrial science and technology;national institute of advanced industrial science and technology
center for computational biology;center for computational biology
inha university;inha university
joint genome institute;joint genome institute
university of sunderland;university of sunderland
walter reed army medical center;walter reed army medical center
baidu;baidu
duke university;duke university
indian institute of technology guwahati;indian institute of technology guwahati
kanagawa university;kanagawa university
national cheng kung university;national cheng kung university
indian institute of science;indian institute of science
argonne national laboratory;argonne national laboratory
silver spring networks;silver spring networks
isfahan university of technology;isfahan university of technology
university of illinois at springfield;university of illinois at springfield
university of queensland;university of queensland
university of central florida;university of central florida
los medanos college;los medanos college
university of maine;university of maine
university of grenoble;university of grenoble
dublin city university;dublin city university
american university;american university
vanderbilt university;vanderbilt university
guidant;guidant
canon inc;canon inc
university of alabama at birmingham;university of alabama at birmingham
nanjing university of aeronautics and astronautics;nanjing university of aeronautics and astronautics
university of california merced;university of california merced
gonville and caius college cambridge;gonville and caius college cambridge
agricultural research service;agricultural research service
texas department of criminal justice;texas department of criminal justice
ceremade;ceremade
indian statistical institute;indian statistical institute
sun microsystems laboratories;sun microsystems laboratories
montclair state university;montclair state university
technische universitat munchen;technische universitat munchen
ibm;ibm
university of caen lower normandy;university of caen lower normandy
university of naples federico ii;university of naples federico ii
perelman school of medicine at the university of pennsylvania;perelman school of medicine at the university of pennsylvania
orange s a;orange s a
kyushu sangyo university;kyushu sangyo university
university of houston clear lake;university of houston clear lake
uganda revenue authority;uganda revenue authority
indian institute of technology bombay;indian institute of technology bombay
western washington university;western washington university
vision institute;vision institute
rehabilitation institute of chicago;rehabilitation institute of chicago
northwestern university;northwestern university
honda r d americas;honda r d americas
university of bonn;university of bonn
national institute on aging;national institute on aging
volvo;volvo
kla tencor;kla tencor
telecom sudparis;telecom sudparis
institute for environment and sustainability;institute for environment and sustainability
ericsson radio systems;ericsson radio systems
columbia university;columbia university
niigata university;niigata university
university of oldenburg;university of oldenburg
twitter;twitter
howard university;howard university
insee;insee
loyola marymount university;loyola marymount university
university of massachusetts amherst;university of massachusetts amherst
federal university of parana;federal university of parana
sharif university of technology;sharif university of technology
netaji subhas institute of technology;netaji subhas institute of technology
rutherford appleton laboratory;rutherford appleton laboratory
curtin university;curtin university
david geffen school of medicine at ucla;david geffen school of medicine at ucla
stetson university;stetson university
